alpha,prescription,cadence_days,i_det,J_relative_change,L_median_relative_change,q_median_absolute_change,passes
-2.4,continuous,,2,0.0,0.0,0.0,True
-2.4,legacy,2.0,2,0.0,0.0,0.0,True
-2.4,legacy,2.0,10,0.0,0.0,0.0,True
-2.4,peak_step,2.0,2,5.773159728050814e-15,0.0,3.9968028886505635e-15,True
-2.4,peak_step,2.0,10,9.103828801926284e-15,0.0,1.3322676295501878e-14,True
-2.4,random_phase,2.0,2,4.218847493575595e-15,0.0,2.6645352591003757e-15,True
-2.4,random_phase,2.0,10,8.881784197001252e-15,0.0,1.3322676295501878e-14,True
-2.4,legacy,1.0,300,0.0,0.0,0.0,True
-2.4,peak_step,1.0,300,6.661338147750939e-16,0.0,1.7763568394002505e-15,True
-2.4,random_phase,1.0,300,5.773159728050814e-15,0.0,2.3092638912203256e-14,True
-2,continuous,,2,0.0,0.0,0.0,True
-2,legacy,2.0,2,0.0,0.0,0.0,True
-2,legacy,2.0,10,0.0,0.0,0.0,True
-2,peak_step,2.0,2,7.993605777301127e-15,3.9968028886505635e-15,6.661338147750939e-15,True
-2,peak_step,2.0,10,6.439293542825908e-15,8.215650382226158e-15,1.3322676295501878e-14,True
-2,random_phase,2.0,2,6.661338147750939e-15,8.215650382226158e-15,4.884981308350689e-15,True
-2,random_phase,2.0,10,5.995204332975845e-15,8.215650382226158e-15,1.2434497875801753e-14,True
-2,legacy,1.0,300,0.0,0.0,0.0,True
-2,peak_step,1.0,300,6.661338147750939e-16,0.0,1.7763568394002505e-15,True
-2,random_phase,1.0,300,7.327471962526033e-15,0.0,4.263256414560601e-14,True
-1.75,continuous,,2,0.0,4.440892098500626e-15,0.0,True
-1.75,legacy,2.0,2,0.0,2.4646951146678475e-14,0.0,True
-1.75,legacy,2.0,10,0.0,1.2323475573339238e-14,0.0,True
-1.75,peak_step,2.0,2,8.215650382226158e-15,4.218847493575595e-15,9.325873406851315e-15,True
-1.75,peak_step,2.0,10,3.552713678800501e-15,0.0,1.0658141036401503e-14,True
-1.75,random_phase,2.0,2,7.771561172376096e-15,8.215650382226158e-15,7.549516567451064e-15,True
-1.75,random_phase,2.0,10,3.1086244689504383e-15,0.0,8.881784197001252e-15,True
-1.75,legacy,1.0,300,0.0,0.0,0.0,True
-1.75,peak_step,1.0,300,3.3306690738754696e-16,0.0,0.0,True
-1.75,random_phase,1.0,300,8.215650382226158e-15,2.453592884421596e-14,4.618527782440651e-14,True
-1.25,continuous,,2,0.0,6.150635556423367e-14,0.0,True
-1.25,legacy,2.0,2,0.0,1.63202784619898e-14,0.0,True
-1.25,legacy,2.0,10,0.0,0.0,0.0,True
-1.25,peak_step,2.0,2,4.440892098500626e-16,0.0,3.552713678800501e-15,True
-1.25,peak_step,2.0,10,8.881784197001252e-16,0.0,0.0,True
-1.25,random_phase,2.0,2,6.661338147750939e-16,8.215650382226158e-15,3.552713678800501e-15,True
-1.25,random_phase,2.0,10,3.552713678800501e-15,8.104628079763643e-15,1.4210854715202004e-14,True
-1.25,legacy,1.0,300,0.0,0.0,0.0,True
-1.25,peak_step,1.0,300,4.440892098500626e-16,0.0,0.0,True
-1.25,random_phase,1.0,300,1.0325074129013956e-14,4.4853010194856324e-14,4.973799150320701e-14,True
-1.05,continuous,,2,0.0,0.0,0.0,True
-1.05,legacy,2.0,2,0.0,0.0,0.0,True
-1.05,legacy,2.0,10,0.0,0.0,0.0,True
-1.05,peak_step,2.0,2,2.220446049250313e-16,1.6431300764452317e-14,0.0,True
-1.05,peak_step,2.0,10,4.440892098500626e-16,0.0,0.0,True
-1.05,random_phase,2.0,2,5.551115123125783e-16,3.9968028886505635e-15,3.552713678800501e-15,True
-1.05,random_phase,2.0,10,3.9968028886505635e-15,8.171241461241152e-14,1.7763568394002505e-14,True
-1.05,legacy,1.0,300,0.0,0.0,0.0,True
-1.05,peak_step,1.0,300,1.1102230246251565e-16,8.215650382226158e-15,0.0,True
-1.05,random_phase,1.0,300,1.1102230246251565e-14,2.289279876777073e-13,3.552713678800501e-14,True
