alpha,Llow_over_Ldec,Lhigh_over_Ldec,dimensionless_finite_detection_integral
-3,0.0001,100000000000000.0,107.50351267884837
-3,1e-08,1e+18,10830.347821643496
-3,1e-12,1e+22,1083114.778718108
-2.5,0.0001,100000000000000.0,5.357193767052196
-2.5,1e-08,1e+18,10.345125375197252
-2.5,1e-12,1e+22,15.333056983342312
-1,0.0001,100000000000000.0,1256.8408365132702
-1,1e-08,1e+18,2177.874874071927
-1,1e-12,1e+22,3098.9089112695456
-0.5,0.0001,100000000000000.0,1992962569.125691
-0.5,1e-08,1e+18,199992962569.1257
-0.5,1e-12,1e+22,19999992962569.133
