alpha,Llow_over_Ldec,Lhigh_over_Ldec,retained_rate_fraction,faint,bright,total,accounting_absolute_error
-2.4,0.0001,100000000000000.0,0.6290507680630416,0.37094923193696155,3.0870355479282196e-19,0.37094923193696155,3.164135620181696e-15
-2.4,1e-08,1e+18,0.852322450854588,0.14767754914541667,7.7542827064286415e-25,0.14767754914541667,4.690692279041286e-15
-2.4,1e-12,1e+22,0.9412085087554475,0.0587914912445568,1.947787751636751e-30,0.0587914912445568,4.28129753871076e-15
-2,0.0001,100000000000000.0,0.9934225701072558,0.006577429892142252,6.072694338923588e-13,0.006577429892749521,5.285702431301331e-15
-2,1e-08,1e+18,0.9999342257010844,6.577429892142254e-05,6.072694338923589e-17,6.577429892148327e-05,5.850354922731782e-15
-2,1e-12,1e+22,0.9999993422570155,6.577429892142252e-07,6.0726943389235876e-21,6.577429892142312e-07,4.691972992857535e-15
-1.75,0.0001,100000000000000.0,0.9995162806411543,0.0004837165343215285,2.8245295498128465e-09,0.0004837193588510783,5.353844537842045e-15
-1.75,1e-08,1e+18,0.9999995162806468,4.837165343215285e-07,2.8245295498128468e-12,4.837193588510783e-07,5.6118690906631894e-15
-1.75,1e-12,1e+22,0.9999999995162853,4.837165343215285e-10,2.824529549812847e-15,4.837193588510783e-10,4.623917606898265e-15
-1.25,0.0001,100000000000000.0,0.9824001346183583,6.027944941015263e-07,0.017599262587151034,0.017599865381645135,3.4243441415782172e-15
-1.25,1e-08,1e+18,0.9982400737352604,6.027944941015265e-12,0.0017599262587151031,0.001759926264743048,3.4061295450804607e-15
-1.25,1e-12,1e+22,0.9998240073741316,6.027944941015262e-17,0.00017599262587151033,0.0001759926258715706,3.1442676153708993e-15
-1.05,0.0001,100000000000000.0,0.4750402749493429,7.787047019399088e-10,0.524959724271952,0.5249597250506567,3.3306690738754696e-16
-1.05,1e-08,1e+18,0.6687728064143132,1.2341637810420224e-15,0.3312271935856852,0.3312271935856864,3.3306690738754696e-16
-1.05,1e-12,1e+22,0.7910097695155491,1.95601777495557e-21,0.20899023048445073,0.20899023048445073,1.3877787807814457e-16
