alpha,prescription,cadence_days,i_det,late_time_IV,J,rate_A1_D528_F30microJy,D_med_over_DE,q_median,q_log_density_mode_sampled,L_median_over_Ldec,log10_L_median_over_Ldec,L_reference_over_Ldec,L_median_over_reference,fraction_L_below_reference,fraction_L_within_decade_reference,fraction_q_lt_1,fraction_q_lt_1p5,fraction_q_gt_2,fraction_q_le_qdec,q_corner,L_wall_over_Ldec,angular_box_over_exact,integrated_thesis_corner_over_exact,rate_over_legacy,rate_IV_over_extrapolated_III
-2.4,continuous,,2,True,0.5424592390792464,22591.302043641695,0.0312500000000001,0.73651832229704,1.0316227766016839,0.0019794989758626902,-2.7034447186035155,1.0,0.0019794989758626902,0.9317823424813594,0.2568113868027918,0.9217282405378229,0.9999957870232029,3.3876901184282104e-07,0.9809451812543423,1.0316227766016839,1.0,0.9809451812543423,0.9822155025040528,,
-2.4,legacy,2.0,2,True,2.1946216633043478e-07,0.009139739411827942,0.0312500000000001,1.8177361224885429,2.3347071959681167,303.2597403111753,2.4818147587404606,133946.08043480103,0.002264043407069224,0.9193513739066174,0.2636141566222303,0.15132417989572372,0.34047940476537836,0.3947032804171051,0.16104608554617045,2.3347071959681167,133946.08043480103,0.8248465698045437,0.8365234651509075,1.0,1.0
-2.4,legacy,2.0,10,True,2.427594680213514e-09,0.00010109980752347268,0.0312500000000001,3.1962195451918927,3.9844960202428426,17756.833180159087,4.249365514651155,7487813.529296742,0.0023714310072872253,0.9151008419395014,0.2658318694047651,0.048943700093862993,0.11012332521119174,0.804225199624548,0.05208811518221295,3.9844960202428426,7487813.529296742,0.7770403891808708,0.7919043632354794,1.0,1.0
-2.4,peak_step,2.0,2,True,1.1023719576356847e-07,0.004590947312771306,0.0312500000000001,1.2939516258743664,1.4673058014249745,375.07438610370673,2.5741174071162236,133946.08043480103,0.0028001893365313976,0.9000181437217352,0.2748916439135489,0.3011996829180832,0.6461170863981239,0.1202851457532843,0.3205504231718344,,,,,0.5023061496512754,1.0000000003859202
-2.4,peak_step,2.0,10,True,9.276679617088797e-10,3.863373615821696e-05,0.0312500000000001,2.08637321463016,2.3098144686696105,26517.062454565366,4.42352541149616,7487813.529296742,0.0035413625554128695,0.8791297262918751,0.28618115639978936,0.1280747015819918,0.2852329206427457,0.5301916713065998,0.13630293163648308,,,,,0.382134616322066,1.0000010475840369
-2.4,random_phase,2.0,2,True,3.432302187532822e-07,0.014294193892838918,0.0312500000000001,1.199607999665901,1.3828071610014812,123.41498778042131,2.091367904551978,133946.08043480103,0.000921378120059991,0.9627582608446723,0.19760070329934565,0.34846023700186113,0.7357590129690944,0.06414454640326239,0.37084725769742244,,,,,1.5639607705161134,1.000000000072632
-2.4,random_phase,2.0,10,True,1.0792850288331735e-09,4.494799299379025e-05,0.0312500000000001,2.043202568528181,2.2623585867393796,22975.582229811043,4.361266525759573,7487813.529296742,0.003068396687486543,0.8913369751870157,0.2781217647637565,0.1326930839069536,0.2953493605204016,0.5154039579844956,0.14121802448881676,,,,,0.44459029245287657,1.0000008177361206
-2.4,legacy,1.0,300,True,1.6826117935809404e-12,7.007418901280357e-08,0.0312500000000001,9.620556223989016,12.558903383222843,13242876.369291091,7.121982324653398,6525039847.156395,0.0020295472026982827,0.9294586824379452,0.2588371928443547,0.00540218733356945,0.012154921500531261,0.9783912506657222,0.005749253847322847,12.558903383222843,6525039847.156395,0.852065692114386,0.8619279793067602,1.0,1.0
-2.4,peak_step,1.0,300,True,6.115221195389285e-13,2.546750043804432e-08,0.0312500000000001,6.89923882348365,10.266355959267267,23472444.999185607,7.370558330090669,6525039847.156395,0.003597287610345379,0.877753334824972,0.29488568613097454,0.01486415620403694,0.033421139926823766,0.9409187071790164,0.015819112142266563,,,,,0.363436249449723,1.127440923878455
-2.4,random_phase,1.0,300,True,6.139286225382284e-13,2.5567721859691396e-08,0.0312500000000001,6.891441783431398,10.235954989134862,23389793.21992684,7.369026382397366,6525039847.156395,0.0035846207483499256,0.8780629636573206,0.29467062885461814,0.014892692524051924,0.03348526322443255,0.940805905481673,0.0158494817939473,,,,,0.36486646823725355,1.126621601220732
-2,continuous,,2,True,0.5489051724484098,1015.107501745586,0.5,0.7408813484279448,1.0316227766016839,0.577866546484216,-0.23817244673077914,1.0,0.577866546484216,0.6577429892142285,0.7529524270814881,0.910904150838538,0.9998223761458545,3.3597261808071543e-05,0.9694256919244041,1.0316227766016839,1.0,0.9694256919244041,0.9796171279496028,,
-2,legacy,2.0,2,True,2.7266662361254216e-05,0.05042509143612526,0.5,1.9110893620731395,2.3347071959681167,94877.59340559329,4.977163660169361,133946.08043480103,0.7083267617657201,0.5940912816354871,0.7334925307378832,0.13690143936212743,0.3080282385647867,0.4523942425514903,0.14569674806828461,2.3347071959681167,133946.08043480103,0.7462302636430588,0.8308201757620393,1.0,1.0
-2,legacy,2.0,10,True,1.5513932714353943e-06,0.0028690400947892496,0.5,3.408305081285107,3.9844960202428426,5665270.1887154505,6.753220627115571,7487813.529296742,0.7565987275924504,0.5748270555999895,0.7273308050441618,0.04304206314322007,0.09684464207224516,0.8278317474271197,0.04580732430087054,3.9844960202428426,7487813.529296742,0.6833447702526486,0.7888965135017658,1.0,1.0
-2,peak_step,2.0,2,True,1.5367713078230073e-05,0.02841999240196865,0.5,1.4532211804866249,1.5615920887692691,124635.4900592413,5.095641725647636,133946.08043480103,0.9304900125084906,0.5183393101084809,0.7163437472661084,0.24286772566910234,0.5278156896090724,0.23762651165399318,0.25847089705995757,,,,,0.5636081480976386,1.0000000216711713
-2,peak_step,2.0,10,True,7.276113456822621e-07,0.0013455944167235635,0.5,2.570418668771641,2.7433311837393832,9345138.846272103,6.970585758333561,7487813.529296742,1.248046416982529,0.4499456248926441,0.6952190343644294,0.09177054947655681,0.2049736892412114,0.6553420753006566,0.09766639919545525,,,,,0.4690050930858136,1.0000106876157526
-2,random_phase,2.0,2,True,3.1107572007824054e-05,0.057528205765270124,0.5,1.3277516074058764,1.4543093036639836,42997.251393578845,4.633440694120175,133946.08043480103,0.3210041776064361,0.7311412321628191,0.6566022312747732,0.28689379609514937,0.6164207688376329,0.15893706033571453,0.3053254467358964,,,,,1.1408646792072268,1.000000006266584
-2,random_phase,2.0,10,True,7.99633764424197e-07,0.001478787728115927,0.5,2.5140199945772608,2.679011848024691,8112807.145046961,6.909171152196587,7487813.529296742,1.0834681063176688,0.481927405244538,0.6978953942951087,0.09531447732863389,0.21280302173510557,0.6431905614690971,0.10143800865290183,,,,,0.5154294395542611,1.0000088205247197
-2,legacy,1.0,300,True,1.444559490347942e-08,2.6714690423286148e-05,0.5,9.70866017332374,12.558903383222843,3838446949.8331113,9.584155542714404,6525039847.156395,0.5882641393379233,0.6519042570425982,0.7584858738331963,0.0053045848958034915,0.011935316015557855,0.978781660416786,0.005645380886948616,12.558903383222843,6525039847.156395,0.8366712447263217,0.8911141631508811,1.0,1.0
-2,peak_step,1.0,300,True,6.73392004616466e-09,1.2453248936471254e-05,0.5,7.814195703163261,14.142135623730951,7083296906.088243,9.850235446227767,6525039847.156395,1.0855561149063535,0.4799786664830204,0.7723548362818122,0.011379366049656793,0.025590876477019818,0.9546882387123394,0.012110439716620616,,,,,0.4661573366246552,1.119264124255779
-2,random_phase,1.0,300,True,6.751512684309258e-09,1.2485783552380261e-05,0.5,7.808496856104378,14.100257605433947,7059733802.91582,9.848788325682921,6525039847.156395,1.081944933407946,0.48078132440810106,0.772298649657835,0.011397189502995005,0.02563093811387363,0.9546176089987437,0.012129408247578534,,,,,0.4673751914975176,1.1186348751706727
-1.75,continuous,,2,True,0.5597883832332207,291.11370742197005,0.6299605249474366,0.7481900715949261,1.0316227766016839,1.0466865688367302,0.0198166513030377,1.0,1.0466865688367302,0.48371653432153083,0.8064650942186369,0.8931946695858612,0.9978997448214381,0.0006994224574392582,0.9505784552517043,1.0316227766016839,1.0,0.9505784552517043,0.9752892276258521,,
-1.75,legacy,2.0,2,True,0.000601182968763568,0.31264064799786034,0.6299605249474366,2.051644394606984,2.3347071959681167,207042.7803859821,5.316060091186161,133946.08043480103,1.5457173492042664,0.3866092640913954,0.716911289215151,0.11878615595713385,0.2672688509035512,0.5248553761714646,0.12641763825950145,2.3347071959681167,133946.08043480103,0.6474864317720203,0.8237432158860101,1.0,1.0
-1.75,legacy,2.0,10,True,9.5811032800748e-05,0.04982580168858796,0.6299605249474366,3.7033170405877183,3.9844960202428426,13033284.90882127,7.115053889079981,7487813.529296742,1.7405995565764791,0.3651687470695115,0.7006068803041414,0.03645761188210099,0.08202962673472722,0.854169552471596,0.03879985132594025,3.9844960202428426,7487813.529296742,0.5788086489403985,0.7894043244701993,1.0,1.0
-1.75,peak_step,2.0,2,True,0.00038043410342352606,0.19784187309802578,0.6299605249474366,1.6902165763477504,1.6668730169146118,348186.1430895836,5.541811483325027,133946.08043480103,2.5994500321274057,0.30042613733593876,0.6479659177371743,0.18769268472706724,0.4113393268672009,0.379669061031101,0.19975110508958296,,,,,0.6328091832108145,1.0000002198597628
-1.75,peak_step,2.0,10,True,5.3742479961440724e-05,0.027948369520036657,0.6299605249474366,3.2235338025943694,3.2970929133008013,30442595.222200517,7.4834816731523315,7487813.529296742,4.065618768828996,0.23899664861616113,0.5968020760899269,0.06499454289847383,0.14543302285077217,0.7521669720870384,0.06917015326218628,,,,,0.5609216223898293,1.0000368456320265
-1.75,random_phase,2.0,2,True,0.0005939717282073307,0.30889049698309146,0.6299605249474366,1.515074250939616,1.547760460716302,129179.48454237073,5.111193547269751,133946.08043480103,0.9644140696244526,0.506817723890139,0.6831808839694526,0.22633100160187908,0.4918048674001244,0.2921662323835621,0.24087176200686417,,,,,0.9880049154235551,1.0000000823688684
-1.75,random_phase,2.0,10,True,5.706588728894346e-05,0.02967668232066079,0.6299605249474366,3.152671550623256,3.219790243018002,26501622.353450164,7.423272461015468,7487813.529296742,3.5393005247473366,0.26460247847312685,0.610343777049976,0.06755664765779537,0.15112041122284695,0.743031559119345,0.07189686185913544,,,,,0.5956087271036905,1.0000314468805158
-1.75,legacy,1.0,300,True,4.158616014838908e-06,0.0021626567504523524,0.6299605249474366,9.771091921241762,12.558903383222843,6848684540.916101,9.835607162516716,6525039847.156395,1.0496004164481463,0.48270020427589444,0.821033659532437,0.0052370148635407215,0.011783283442966624,0.9790519405458371,0.005573469780583156,12.558903383222843,6525039847.156395,0.8260136901560831,0.9130068450780415,1.0,1.0
-1.75,peak_step,1.0,300,True,2.3026206042745255e-06,0.0011974603992760985,0.6299605249474366,8.395311829002193,14.142135623730951,14079234154.508043,10.148579031829033,6525039847.156395,2.1577238582908818,0.2992089356899215,0.7785983907201076,0.009458224806008409,0.0212730889408201,0.962295512104766,0.010065873690992233,,,,,0.553698777684268,1.1038138058734457
-1.75,random_phase,1.0,300,True,2.306918480483681e-06,0.00119969547723549,0.6299605249474366,8.39135851211186,14.142135623730951,14039354968.117285,10.147347154786484,6525039847.156395,2.151612142910609,0.2999324295634547,0.7787830630408413,0.009470200188204015,0.021300010285568362,0.962247986762979,0.01007861843824182,,,,,0.5547322648333146,1.1033332317602873
-1.25,continuous,,2,True,1.4973532955850062,140.27772860821412,0.757858283255199,1.8941444592683698,1.0316227766016839,594416.7023294587,5.774091004029113,1.0,594416.7023294587,0.06027944941015294,0.1935193192420063,0.3339225294887091,0.4556629001875891,0.4892448609626677,0.3553755671227792,1.0316227766016839,1.0,0.3553755671227792,0.8925625945204632,,
-1.25,legacy,2.0,2,True,0.8299749094314604,77.75519340702171,0.757858283255199,5.735209802308944,14.142135623730951,990637910.4844575,8.99591494387576,133946.08043480103,7395.796183574448,0.034163134579422015,0.13150612060650116,0.03148999112843113,0.07085248003897004,0.8740400354862755,0.033513083028846334,2.3347071959681167,133946.08043480103,0.1716474603289487,0.8619412433881581,1.0,1.0
-1.25,legacy,2.0,10,True,0.6855297949113388,64.22302792998937,0.757858283255199,6.967473256137206,14.142135623730951,3069887345.845189,9.487122438677357,7487813.529296742,409.98448129537144,0.046552074963637224,0.18952824926669368,0.013942957837580424,0.031371655134555955,0.9442281686496783,0.014838730877147011,3.9844960202428426,7487813.529296742,0.2213613062287553,0.8702268843714592,1.0,1.0
-1.25,peak_step,2.0,2,True,0.7634030571971032,71.51849011982002,0.757858283255199,6.178702628229798,14.142135623730951,1660321159.046287,9.220192102564777,133946.08043480103,12395.444149293024,0.018264467333486124,0.08871980459031889,0.03423484538153082,0.07634038355872642,0.8723508579121384,0.03643428196189903,,,,,0.9197905244148171,1.0000040954202223
-1.25,peak_step,2.0,10,True,0.5945590921116053,55.700547900549275,0.757858283255199,7.440108675661758,14.142135623730951,5931969100.29793,9.773198880116787,7487813.529296742,792.2164563912507,0.019704741638706495,0.11868068941912775,0.01607619172875899,0.036104651996166914,0.9367370381808517,0.017109015559776515,,,,,0.8672986885836246,1.0001279923657496
-1.25,random_phase,2.0,2,True,0.7950690794049868,74.48508302910648,0.757858283255199,5.933298096213576,14.142135623730951,1293332966.5594475,9.1117103477138,133946.08043480103,9655.623832822674,0.04050834269845866,0.11485687187567453,0.04001116428562529,0.08897503167031652,0.8538985042780599,0.04258170366946613,,,,,0.9579435117497898,1.0000022969247584
-1.25,random_phase,2.0,10,True,0.6002785989838442,56.23637296946414,0.757858283255199,7.399335978992587,14.142135623730951,5682945924.351533,9.754573523567611,7487813.529296742,758.9593279956155,0.02288853378677306,0.12431342960066993,0.016449465178459296,0.03693929578772186,0.9353227903996516,0.01750627016874895,,,,,0.8756418808339025,1.000114699600517
-1.25,legacy,1.0,300,True,0.3459607966275195,32.410917905273756,0.757858283255199,9.915995939451467,14.142135623730951,53862616272.15381,10.731287444600259,6525039847.156395,8.254756681007407,0.15623191107370182,0.514623174340741,0.005085074544435252,0.011441417724979318,0.979659701822259,0.005411767971622859,12.558903383222843,6525039847.156395,0.8020487431513407,0.9670081238585568,1.0,1.0
-1.25,peak_step,1.0,300,True,0.2806769907422141,26.294883679087818,0.757858283255199,9.502012674834045,14.142135623730951,124327657765.98674,11.094567751964306,6525039847.156395,19.053930807820063,0.06609376067776432,0.40883971039648037,0.006267829837801392,0.014100867569485177,0.9749571260002365,0.0066705100331155166,,,,,0.8112970992040073,1.0442212718216475
-1.25,random_phase,1.0,300,True,0.28083497729479295,26.30968445777629,0.757858283255199,9.50097041827794,14.142135623730951,124048126638.43155,11.09359020998884,6525039847.156395,19.01109104988709,0.06633988091731247,0.409156339804625,0.006270840926048721,0.014107638754354791,0.9749451426922602,0.006673714570393041,,,,,0.8117537594791568,1.0440651422920437
-1.05,continuous,,2,True,36.740981868875764,5908.380841103952,0.7874020718992892,9.388341034191328,14.142135623730951,264922968035808.4,14.423119611973345,1.0,264922968035808.4,0.0004913294508702473,0.002084227349060537,0.01360878165380667,0.026468403252924412,0.9587072140773159,0.014483085359579323,1.0316227766016839,1.0,0.014483085359579323,0.9671494361786526,,
-1.05,legacy,2.0,2,True,36.31845551317844,5840.433647047651,0.7874020718992892,9.452474915154315,14.142135623730951,333877651595096.3,14.523587350130278,133946.08043480103,2492627260.994121,0.0016554318311099642,0.008692928319378613,0.00762950096897361,0.017166377180190623,0.9694819961241056,0.00811966247939095,2.3347071959681167,133946.08043480103,0.04158732403449929,0.96805291080115,1.0,1.0
-1.05,legacy,2.0,10,True,35.845850772909664,5764.43326135343,0.7874020718992892,9.52384064522898,14.142135623730951,433867308084480.8,14.637356927258951,7487813.529296742,57943124.03573301,0.004221117932417001,0.023651842333398097,0.006321401291469563,0.014223152905806514,0.9747143948341217,0.006727523214460509,3.9844960202428426,7487813.529296742,0.10035988513888179,0.9700119961712961,1.0,1.0
-1.05,peak_step,2.0,2,True,36.02438660889496,5793.143917931707,0.7874020718992892,9.48639188810849,14.142135623730951,392828403050780.6,14.594202881462843,133946.08043480103,2932735334.8125176,0.000820692205221902,0.005605681555442715,0.0076917270044588515,0.017275076916080656,0.9696798129022373,0.008185886260949592,,,,,0.9919030448809482,1.0000018171230367
-1.05,peak_step,2.0,10,True,35.08179888517945,5641.564755792378,0.7874020718992892,9.58991805014809,14.142135623730951,667571344395102.1,14.824497686248401,7487813.529296742,89154376.21185002,0.0015833791250190884,0.013731720241504515,0.006459066997059146,0.014527520625189628,0.9742488058736994,0.006874033329462826,,,,,0.9786850675529889,1.000045921394414
-1.05,random_phase,2.0,2,True,36.127281467261355,5809.690618071344,0.7874020718992892,9.473431070367603,14.142135623730951,371047169742479.8,14.569429123244946,133946.08043480103,2770123385.0070662,0.0018107395403933252,0.007118939792312342,0.007968174524764178,0.01788627335090901,0.9687266309108578,0.008480094305128636,,,,,0.9947361735730277,1.0000010578003702
-1.05,random_phase,2.0,10,True,35.12587950734125,5648.653436883542,0.7874020718992892,9.585561359326654,14.142135623730951,651014455877941.2,14.813590632252243,7487813.529296742,86943198.21544552,0.0018528472920500787,0.01439034405563734,0.006492876978622982,0.014603276176498503,0.9741184316289379,0.006910015451996026,,,,,0.9799147948773885,1.000041468939481
-1.05,legacy,1.0,300,True,32.19224185781086,5176.890092477392,0.7874020718992892,9.982520026743444,14.142135623730951,3724863303015121.5,15.571110339410339,6525039847.156395,570856.7901908542,0.030831314481534693,0.1343436261607465,0.005017525912730136,0.011289433303642807,0.9799298963490795,0.005339879640705717,12.558903383222843,6525039847.156395,0.7913945640066181,0.9930464854668872,1.0,1.0
-1.05,peak_step,1.0,300,True,30.845172504350476,4960.265539872119,0.7874020718992892,9.9041355773894,14.142135623730951,8757712994941581.0,15.942390708525034,6525039847.156395,1342170.0403497433,0.011044007707574119,0.09728856412124642,0.005236650648519397,0.011782171562286536,0.9790581558714456,0.0055730821663663,,,,,0.9581554661706934,1.009556181218336
-1.05,random_phase,1.0,300,True,30.848508910070656,4960.802073046589,0.7874020718992892,9.903951049478884,14.142135623730951,8738788721218960.0,15.941451239482591,6525039847.156395,1339269.786226258,0.011090172208052803,0.09738451577428262,0.005237176497130806,0.011783354203997268,0.9790560608844554,0.005573641798412651,,,,,0.9582591062258009,1.0095259159762537
