label,alpha,A,window,mode,raw_rate,rate,q_med,theta_med_rad,theta_med_deg,frac_q_lt_1,frac_q_lt_1p5,frac_q_gt_2,D_med_Gpc,D_90_Gpc,L_med_spectral,L_med_1day_erg_s,angular_moment,independent_moment_relative_error,t_exp_s,F_lim_Jy
best_shared,-1.746,22.276479418008666,conservative,public,6.576463185364676,2.3017621148776364,1.402746960134631,0.1402746960134631,8.037148054052029,0.2570567274810811,0.5651580948898303,0.24142709423417325,2.8733556462799617,4.242953118457602,1.1319460032014174e+34,2.949725486378938e+45,0.0015536861797858766,0.0,28.315199999999997,2.1505562704613938e-05
best_shared,-1.746,22.276479418008666,conservative,high_cadence,3.1628845716410035,1.1070096000743512,1.283225612169169,0.1283225612169169,7.35234117403848,0.3077324310306141,0.6437814775751005,0.1248085436278627,2.8733556462799617,4.242953118457602,7.574593937059028e+32,1.9738550003200735e+44,0.010517299943673753,2.220446049250313e-16,30.101952000000004,2.0857550218952977e-05
best_shared,-1.746,22.276479418008666,optimistic,public,12.904779041441735,4.516672664504607,1.3143837726885321,0.1314383772688532,7.530864283553545,0.2910793810192511,0.6378369065935383,0.15111538435706232,2.8733556462799617,4.242953118457602,3.6306870459640584e+33,9.461166948120226e+44,0.0030487476755739866,0.0,28.315199999999997,2.1505562704613938e-05
best_shared,-1.746,22.276479418008666,optimistic,high_cadence,3.444344013467781,1.2055204047137233,1.2586498090981009,0.1258649809098101,7.211532194626796,0.3193598723532614,0.661019518888608,0.11784904292352734,2.8733556462799617,4.242953118457602,6.4902549288262985e+32,1.6912883054942777e+44,0.011453215657517012,2.220446049250313e-16,30.101952000000004,2.0857550218952977e-05
best_conservative,-1.613,18.87702526746246,conservative,public,10.930953244641804,3.8258336356246314,1.4502053218368254,0.14502053218368255,8.309064436866134,0.24101716279067872,0.5320295049312722,0.2761879082295067,3.07837435872537,4.287636874114552,1.6833472491225868e+34,4.3866158536885874e+45,0.005910080815541245,0.0,28.315199999999997,2.1505562704613938e-05
best_conservative,-1.613,18.87702526746246,conservative,high_cadence,3.7340134585810065,1.3069047105033522,1.3548080573376895,0.13548080573376894,7.762478373576765,0.2786082191092019,0.5899026850630824,0.1677448311275354,3.07837435872537,4.287636874114552,1.2329784818396939e+33,3.2130048975420965e+44,0.028531756480076692,2.220446049250313e-16,30.101952000000004,2.0857550218952977e-05
best_conservative,-1.613,18.87702526746246,optimistic,public,18.59043621846621,6.5066526764631725,1.3609682853844765,0.13609682853844765,7.797773880368666,0.2719690079508366,0.5987044901021625,0.19086259781428427,3.07837435872537,4.287636874114552,5.561847174392947e+33,1.44935556247839e+45,0.010051363132593895,0.0,28.315199999999997,2.1505562704613938e-05
best_conservative,-1.613,18.87702526746246,optimistic,high_cadence,3.98889800724636,1.396114302536226,1.3308503786155883,0.13308503786155884,7.625210985806088,0.2883864452024686,0.6050994210187823,0.1605607446064941,3.07837435872537,4.287636874114552,1.0677733733597297e+33,2.782498744788239e+44,0.030479340213697668,0.0,30.101952000000004,2.0857550218952977e-05
best_optimistic,-1.727,20.199766612408375,conservative,public,6.537151917950861,2.288003171282801,1.4091168919426587,0.14091168919426586,8.073645074890642,0.25481488352990705,0.5605497651378167,0.24619069768167626,2.906002642622274,4.250245877263238,1.1926507892903977e+34,3.107915412546277e+45,0.0018795774073893062,2.220446049250313e-16,28.315199999999997,2.1505562704613938e-05
best_optimistic,-1.727,20.199766612408375,conservative,high_cadence,2.9917993847143003,1.047129784650005,1.2922918677981694,0.12922918677981696,7.4042869923913255,0.30375275270872965,0.6365329829105768,0.1302779979735894,2.906002642622274,4.250245877263238,8.065121762187192e+32,2.1016811001045448e+44,0.012114530211478774,1.1102230246251565e-16,30.101952000000004,2.0857550218952977e-05
best_optimistic,-1.727,20.199766612408375,optimistic,public,12.563137429102113,4.397098100185739,1.3204361023162199,0.132043610231622,7.565541577942396,0.28848193543654316,0.632557850476086,0.15632235333805092,2.906002642622274,4.250245877263238,3.8401142605976743e+33,1.000691099492014e+45,0.0036121830384307735,0.0,28.315199999999997,2.1505562704613938e-05
best_optimistic,-1.727,20.199766612408375,optimistic,high_cadence,3.2488959673451068,1.1371135885707873,1.2677449394222449,0.12677449394222448,7.263643452796284,0.31513305465578745,0.6535213725945385,0.123258625928249,2.906002642622274,4.250245877263238,6.919019678523214e+32,1.8030196342206383e+44,0.013155577393138742,0.0,30.101952000000004,2.0857550218952977e-05
alpha_minus_two,-2.0,40.61887096070255,conservative,public,4.050896950778563,1.417813932772497,1.329098801610716,0.1329098801610716,7.615175188818953,0.2852944467580456,0.6225143995279981,0.18425920970584636,2.275,4.095,5.731210058381748e+33,1.4934896478442548e+45,0.0001234319874501391,0.0,28.315199999999997,2.1505562704613938e-05
alpha_minus_two,-2.0,40.61887096070255,conservative,high_cadence,3.8483966434553922,1.3469388252093872,1.1890459882782398,0.11890459882782399,6.81273167753051,0.35527647429966164,0.7271471990157481,0.0693828992120519,2.275,4.095,3.551472666187722e+32,9.25474307785335e+43,0.0016376886268210673,0.0,30.101952000000004,2.0857550218952977e-05
alpha_minus_two,-2.0,40.61887096070255,optimistic,public,10.606060214719484,3.712121075151819,1.2485982574636365,0.12485982574636366,7.1539410460055315,0.3218242744249261,0.6991659932638258,0.09490343216837609,2.275,4.095,1.728538685098152e+33,4.504379713524812e+44,0.00032316968494275474,2.220446049250313e-16,28.315199999999997,2.1505562704613938e-05
alpha_minus_two,-2.0,40.61887096070255,optimistic,high_cadence,4.357591068802673,1.5251568740809356,1.1649671301923779,0.1164967130192378,6.674769983149075,0.36967492107806127,0.7465350564898362,0.06373161384123294,2.275,4.095,3.0198568583944985e+32,7.869411363465407e+43,0.0018543767690503952,2.220446049250313e-16,30.101952000000004,2.0857550218952977e-05
accepted_low_alpha,-1.912,34.13659683870899,conservative,public,4.803225468971819,1.6811289141401367,1.3523516257250958,0.1352351625725096,7.748404057170352,0.2758864085465809,0.6035551196289304,0.20270156241024642,2.523675486106454,4.1600827160593985,7.397439827418649e+33,1.9276906081366054e+45,0.0002960660730263215,2.220446049250313e-16,28.315199999999997,2.1505562704613938e-05
accepted_low_alpha,-1.912,34.13659683870899,conservative,high_cadence,3.5931633781479815,1.2576071823517934,1.2168256054059883,0.12168256054059884,6.9718971593214425,0.3399601589885931,0.7009894705960261,0.08522855075636693,2.523675486106454,4.1600827160593985,4.6323245183344935e+32,1.2071322884893759e+44,0.0031015366331656087,0.0,30.101952000000004,2.0857550218952977e-05
accepted_low_alpha,-1.912,34.13659683870899,optimistic,public,11.359440758758412,3.975804265565444,1.268570953033357,0.12685709530333572,7.268376162169995,0.31197415136381695,0.6797723536041378,0.11174559576759872,2.523675486106454,4.1600827160593985,2.2603031768719985e+33,5.890098881842375e+44,0.0007001847069112616,2.220446049250313e-16,28.315199999999997,2.1505562704613938e-05
accepted_low_alpha,-1.912,34.13659683870899,optimistic,high_cadence,4.012917463793696,1.4045211123277934,1.1924518498640018,0.11924518498640019,6.832245826977499,0.35350663395269,0.7198628502687703,0.07905103980040705,2.523675486106454,4.1600827160593985,3.9426750922823194e+32,1.0274173124269773e+44,0.003463858781239528,0.0,30.101952000000004,2.0857550218952977e-05
accepted_high_alpha,-1.352,4.65457898523884,conservative,public,13.024749040705503,4.558662164246925,1.5668538997531378,0.15668538997531378,8.977411556946898,0.20755465672528517,0.46185157584981706,0.3534939844263805,3.3643469119790534,4.3459244880229795,5.257835351580938e+34,1.370133460066007e+46,0.08322348293082316,0.0,28.315199999999997,2.1505562704613938e-05
accepted_high_alpha,-1.352,4.65457898523884,conservative,high_cadence,2.381932093871452,0.8336762328550081,1.5685415120542434,0.15685415120542434,8.987080863177669,0.21382092093201682,0.4640795271661122,0.28685931196149583,3.3643469119790534,4.3459244880229795,6.075421400403162e+33,1.5831872982082883e+45,0.21681592954566759,0.0,30.101952000000004,2.0857550218952977e-05
accepted_high_alpha,-1.352,4.65457898523884,optimistic,public,17.13580611119429,5.997532138918002,1.4886673527541687,0.14886673527541688,8.52943564117268,0.22827899244390798,0.507159011727159,0.2924112969561642,3.3643469119790534,4.3459244880229795,2.2662904445399787e+34,5.905701035994663e+45,0.10949166567002251,2.220446049250313e-16,28.315199999999997,2.1505562704613938e-05
accepted_high_alpha,-1.352,4.65457898523884,optimistic,high_cadence,2.4603627534716304,0.8611269637150706,1.551022475096337,0.15510224750963372,8.886704175295495,0.21930570656520731,0.4733476051687329,0.28108176671424,3.3643469119790534,4.3459244880229795,5.427913972456199e+33,1.4144540585101954e+45,0.22395509879816025,0.0,30.101952000000004,2.0857550218952977e-05
