stage,lf_on,label,alpha,log10_L_min,log10_L_max,on_search_boundary,classification,window,mode,score,passes,raw_rate,rate,N_q,t_exp_s,N_D,q_med,theta_med_rad,theta_med_deg,D_med_Gpc,D_90_Gpc,frac_q_lt_1,frac_q_lt_1p5,frac_q_gt_2,q_integral_raw,D_integral_raw,marginal_rel_error,rate_integral_rel_error
verified,False,single_default,,,,False,fails,conservative,public,2.423940781199318,False,2.817325509985059,0.9860639284947705,3000,28.315199999999997,2000,1.2308140373197825,0.12308140373197825,7.052044970388094,0.5564480665494763,0.7292275629994833,0.33122398776650064,0.7123682423984956,0.10396664703551994,2.817325509985058,2.8136499377437443,0.0013046317254740147,3.3306690738754696e-16
verified,False,single_default,,,,False,fails,conservative,high_cadence,2.423940781199318,False,10.755286806969435,3.764350382439302,3000,30.101952000000004,2000,1.086566270794748,0.10865662707947482,6.2255661477808,2.2705662398759623,3.021143274469753,0.4236631636938371,0.8336881992432633,0.021314539271997,10.755286806969451,10.758781862966758,0.0003249616732714511,1.5543122344752192e-15
verified,False,single_default,,,,False,fails,optimistic,public,2.080959093808464,False,13.433704365004116,4.701796527751441,3000,28.315199999999997,2000,1.170671809034904,0.1170671809034904,6.707455385264508,0.9970080440030279,1.4071163902583905,0.3653368679103241,0.7809140572829397,0.036548121431008496,13.433704365004118,13.439307333278105,0.00041708289253272746,2.220446049250313e-16
verified,False,single_default,,,,False,fails,optimistic,high_cadence,2.080959093808464,False,13.206844076512708,4.622395426779447,3000,30.101952000000004,2000,1.0645724822715044,0.10645724822715044,6.099551021992285,2.4705544798783015,3.2822926657456883,0.44123903461785735,0.8529852014075694,0.018506070164050703,13.206844076512702,13.203780673615016,0.00023195571023171269,4.440892098500626e-16
verified,True,lf_default,-2.0,42.5,45.5,False,fails,conservative,public,1.508783647406068,False,2.12370397059479,0.7432963897081766,3000,28.315199999999997,2000,1.244679863029772,0.1244679863029772,7.131490299652732,1.7319674049069056,3.6532162641674746,0.3239153547551552,0.7011653373059182,0.10860455342280828,2.1236987702712344,2.123699425716962,3.086340383262609e-07,2.448704540691793e-06
verified,True,lf_default,-2.0,42.5,45.5,False,fails,conservative,high_cadence,1.508783647406068,False,2.6145511733631337,0.9150929106770967,3000,30.101952000000004,2000,1.1861993016675625,0.11861993016675626,6.796421364691689,2.4329944547589353,4.114482638820271,0.35682605957528435,0.7328482340810982,0.05829908979888976,2.614544064540959,2.614543902071351,6.214070358279145e-08,2.71894551051588e-06
verified,True,lf_default,-2.0,42.5,45.5,False,fails,optimistic,public,1.1718655471591208,False,6.903569277467844,2.4162492471137456,3000,28.315199999999997,2000,1.2156202428030038,0.12156202428030038,6.96499094032805,2.1647387046741096,4.014639153272803,0.33910544775419865,0.7352563582564081,0.05582881088362979,6.903552290342361,6.903552139677355,2.1824272389281418e-08,2.4606293933526757e-06
verified,True,lf_default,-2.0,42.5,45.5,False,fails,optimistic,high_cadence,1.1718655471591208,False,2.947195269675373,1.0315183443863805,3000,30.101952000000004,2000,1.164740889282526,0.1164740889282526,6.673473718220304,2.4573656475761845,4.121030054894772,0.3697439114227654,0.7500481792531839,0.05433249732960588,2.9471857456931185,2.9471856647064145,2.747933480762299e-08,3.231540967929547e-06
verified,True,best_shared,-1.75,42.25,46.25,False,passes_both_endpoints,conservative,public,0.7585661531596591,True,6.366222102397389,2.2281777358390857,3000,28.315199999999997,2000,1.3535353879391583,0.13535353879391585,7.755186515051637,2.695621776266418,4.181984436264696,0.2752039022220739,0.6035092721982357,0.19775421153842632,6.3661926381709755,6.36619309932642,7.24381856720413e-08,4.628212138868548e-06
verified,True,best_shared,-1.75,42.25,46.25,False,passes_both_endpoints,conservative,high_cadence,0.7585661531596591,True,3.5039984725607662,1.2263994653962682,3000,30.101952000000004,2000,1.2728470854023106,0.12728470854023108,7.292876595908027,2.869166666435685,4.238020343706239,0.3122771481671919,0.6533425925663626,0.11368329193800875,3.503985185791893,3.503985243318449,1.6417465609208648e-08,3.7918877469067525e-06
verified,True,best_shared,-1.75,42.25,46.25,False,passes_both_endpoints,optimistic,public,0.7916261203689967,True,13.63526551188303,4.77234292915906,3000,28.315199999999997,2000,1.2884894129445912,0.12884894129445912,7.382500530901417,2.7951141825129358,4.217421282833351,0.3025162195137189,0.6621071801802422,0.1226483127317951,13.635224706065001,13.635224582654665,9.050847293856634e-09,2.9926676523572837e-06
verified,True,best_shared,-1.75,42.25,46.25,False,passes_both_endpoints,optimistic,high_cadence,0.7916261203689967,True,3.8195109867785493,1.3368288453724921,3000,30.101952000000004,2000,1.249789560301591,0.1249789560301591,7.160766708479207,2.8754473744546787,4.239407256475827,0.32346207329830223,0.6697527634027556,0.10764988002640064,3.819494857750387,3.81949508254543,5.8854652706941124e-08,4.222799258379872e-06
verified,True,best_conservative,-1.625,42.0,47.25,False,passes_one_endpoint,conservative,public,0.6037344873192363,True,10.892343536681539,3.8123202378385384,3000,28.315199999999997,2000,1.4312412945082646,0.14312412945082648,8.200408564016406,3.024285656930569,4.27401667302215,0.2471685474007519,0.5450325295909738,0.2611572724831984,10.89230619041368,10.89230677289422,5.34763280324313e-08,3.428671500493863e-06
verified,True,best_conservative,-1.625,42.0,47.25,False,passes_one_endpoint,conservative,high_cadence,0.6037344873192363,True,3.980373228578724,1.3931306300025534,3000,30.101952000000004,2000,1.3431390734932978,0.13431390734932977,7.695620021027766,3.060128566220477,4.2828682957153905,0.28293871289257316,0.5984604340421437,0.15920437373982654,3.9803590363555985,3.9803591593926866,3.091105260644156e-08,3.56555084424226e-06
verified,True,best_conservative,-1.625,42.0,47.25,False,passes_one_endpoint,optimistic,public,1.1025623140875211,False,19.187476725386777,6.715616853885371,3000,28.315199999999997,2000,1.3471581465025135,0.13471581465025137,7.718647613126068,3.042220097811118,4.278735276527832,0.27738521329518684,0.6101511585100983,0.17749137697863138,19.187406837140006,19.187407160223216,1.6838294758514394e-08,3.642388614721881e-06
verified,True,best_conservative,-1.625,42.0,47.25,False,passes_one_endpoint,optimistic,high_cadence,1.1025623140875211,False,4.260364321131752,1.4911275123961132,3000,30.101952000000004,2000,1.3196537361705996,0.13196537361705996,7.561058950124599,3.061884171343249,4.283209929823443,0.2927483081575769,0.6136034951135085,0.15231425324927483,4.2603471769310035,4.260347263957661,2.0427128211153445e-08,4.024116121659205e-06
verified,True,near_miss_conservative,-2.0,43.25,47.0,False,fails,conservative,public,1.0041422390957127,False,16.517963219530436,5.781287126835652,3000,28.315199999999997,2000,1.331391752937943,0.13313917529379432,7.6283128321868565,2.380179293881557,4.111204222456148,0.2843029310008438,0.62082410449158,0.18470381851747553,16.517875929469273,16.517876752119896,4.980365675422149e-08,5.2845535495338325e-06
verified,True,near_miss_conservative,-2.0,43.25,47.0,False,fails,conservative,high_cadence,1.0041422390957127,False,13.109207040824758,4.588222464288665,3000,30.101952000000004,2000,1.2232907150254388,0.12232907150254389,7.008939508849837,2.7722221811541092,4.194128382679494,0.3363823161067467,0.6978388834351067,0.0822670680847365,13.109162319655011,13.109162144649048,1.3349896743619638e-08,3.411432103250789e-06
verified,True,near_miss_conservative,-2.0,43.25,47.0,False,fails,optimistic,public,1.8050488212323972,False,41.513477008498064,14.529716952974322,3000,28.315199999999997,2000,1.2563732303214579,0.12563732303214578,7.198488359063724,2.494241811481313,4.137201406027837,0.3179015589782567,0.6920024863474297,0.09903377976470773,41.51336909558197,41.513368316366005,1.8770241583254688e-08,2.5994670614926108e-06
verified,True,near_miss_conservative,-2.0,43.25,47.0,False,fails,optimistic,high_cadence,1.8050488212323972,False,14.493821652189029,5.07283757826616,3000,30.101952000000004,2000,1.2026357198078808,0.12026357198078808,6.890595103666938,2.814542980402168,4.20264151839022,0.34764927200359463,0.7139057591637131,0.07727629998294772,14.493761384241093,14.493761085822097,2.0589479010624245e-08,4.15818197452289e-06
verified,True,best_optimistic,-1.75,42.25,46.0,False,passes_both_endpoints,conservative,public,0.8498075106571948,True,5.757446694487365,2.0151063430705776,3000,28.315199999999997,2000,1.3244188199389821,0.13244188199389823,7.58836086902006,2.5784222525608333,4.133951896415633,0.28695017510555015,0.6282685596683281,0.17009013564591602,5.75742253719799,5.757422959141226,7.32868281616561e-08,4.195833788300796e-06
verified,True,best_optimistic,-1.75,42.25,46.0,False,passes_both_endpoints,conservative,high_cadence,0.8498075106571948,True,3.448624571871145,1.2070186001549006,3000,30.101952000000004,2000,1.265907013935118,0.1265907013935118,7.253112915449096,2.8535995262188116,4.233119500702595,0.3154319302333813,0.6596224372047093,0.10708883076596276,3.4486121398999443,3.448612190291962,1.4612260290647328e-08,3.6049070988308785e-06
verified,True,best_optimistic,-1.75,42.25,46.0,False,passes_both_endpoints,optimistic,public,0.7501364981408888,True,13.027708080714465,4.559697828250062,3000,28.315199999999997,2000,1.2744034077572242,0.12744034077572242,7.301793666157867,2.747362995319523,4.201990545555033,0.30905377431122316,0.6759407021724184,0.10671050954063932,13.027675014111997,13.027674843719247,1.30792908725752e-08,2.5381749624298067e-06
verified,True,best_optimistic,-1.75,42.25,46.0,False,passes_both_endpoints,optimistic,high_cadence,0.7501364981408888,True,3.764305587966119,1.3175069557881416,3000,30.101952000000004,2000,1.2434231942991518,0.1243423194299152,7.124290118201673,2.8613244935951774,4.234980707123528,0.32652245095608795,0.6757556242950032,0.10151665316305958,3.764292426633784,3.764292644384731,5.784644829809338e-08,3.49635066221321e-06
verified,True,near_miss_optimistic,-2.0,42.75,46.5,False,fails,conservative,public,1.0805764923296213,False,5.2157951522588,1.82552830329058,3000,28.315199999999997,2000,1.3204506878604871,0.1320450687860487,7.565625146955236,2.2819994956026015,4.078782828337714,0.2888546303593761,0.6301953719594497,0.17486833111214428,5.215765074682378,5.215764915222112,3.057274688966771e-08,5.766632995451992e-06
verified,True,near_miss_optimistic,-2.0,42.75,46.5,False,fails,conservative,high_cadence,1.0805764923296213,False,4.642621149577065,1.6249174023519726,3000,30.101952000000004,2000,1.2044572927277026,0.12044572927277027,6.90103194770505,2.550171856846797,4.148791463490072,0.3465641234345773,0.713934629891725,0.07438254790269938,4.6425963157212315,4.642596207060714,2.3405118843022876e-08,5.349102378371384e-06
verified,True,near_miss_optimistic,-2.0,42.75,46.5,False,fails,optimistic,public,1.0048987613013438,False,13.62348657198318,4.768220300194113,3000,28.315199999999997,2000,1.2486867384326734,0.12486867384326734,7.154448004614836,2.379207541108424,4.109966266500364,0.32175036639378957,0.6995878318681062,0.09225010717983162,13.623441898908489,13.623441491541717,2.990189806872934e-08,3.279122011479174e-06
verified,True,near_miss_optimistic,-2.0,42.75,46.5,False,fails,optimistic,high_cadence,1.0048987613013438,False,5.196715679500281,1.8188504878250982,3000,30.101952000000004,2000,1.1819245003272305,0.11819245003272305,6.771928557185899,2.5745349323931266,4.153834208404208,0.35948608271138655,0.7317532717462554,0.06911959620962194,5.196693021399144,5.1966928678255355,2.9552180036418463e-08,4.360080969378899e-06
verified,True,most_onaxis_shared_fit,-1.75,42.25,45.75,False,passes_both_endpoints,conservative,public,0.9909645812113819,True,4.939603118778357,1.7288610915724247,3000,28.315199999999997,2000,1.287139498452452,0.1287139498452452,7.374766090591105,2.39710599543398,4.050633029372101,0.30327041195623033,0.6620956656902564,0.13542607186368427,4.9395899371261835,4.939590327989451,7.912868715820309e-08,2.66856503572388e-06
verified,True,most_onaxis_shared_fit,-1.75,42.25,45.75,False,passes_both_endpoints,conservative,high_cadence,0.9909645812113819,True,3.364505096419211,1.177576783746724,3000,30.101952000000004,2000,1.2552954683398352,0.1255295468339835,7.192313237777061,2.8292555140067397,4.22570195253142,0.3203790215672778,0.6694580045364292,0.09683630916000663,3.3644981372465117,3.36449817997288,1.2699180373942909e-08,2.068409023059381e-06
verified,True,most_onaxis_shared_fit,-1.75,42.25,45.75,False,passes_both_endpoints,optimistic,public,0.7708891866537474,True,12.187565102361273,4.265647785826445,3000,28.315199999999997,2000,1.2561554691230026,0.12561554691230026,7.197240679302404,2.6797928397432615,4.180751630560217,0.31787945221701897,0.6944414521522986,0.08630455017931893,12.187541082887416,12.187540857053108,1.8529932033217733e-08,1.9708180966082622e-06
verified,True,most_onaxis_shared_fit,-1.75,42.25,45.75,False,passes_both_endpoints,optimistic,high_cadence,0.7708891866537474,True,3.6803174996147967,1.2881111248651789,3000,30.101952000000004,2000,1.2336815051538184,0.12336815051538184,7.0684743508660715,2.8392556019160686,4.228275078959437,0.33131908088191747,0.6851531795337739,0.09197941694109735,3.6803072307047278,3.680307440687186,5.705568728586741e-08,2.7902239603250223e-06
